"","step","Context","Subject","T4_count","T4_percent"
"1",11,"zero","Group.1",1,0.142857142857143
"2",10,"zero","Group.1",2,0.285714285714286
"3",9,"zero","Group.1",3,0.428571428571429
"4",8,"zero","Group.1",4,0.571428571428571
"5",7,"zero","Group.1",5,0.714285714285714
"6",6,"zero","Group.1",6,0.857142857142857
"7",5,"zero","Group.1",7,1
"8",4,"zero","Group.1",8,1.14285714285714
"9",3,"zero","Group.1",9,1.28571428571429
"10",2,"zero","Group.1",10,1.42857142857143
"11",1,"zero","Group.1",11,1.57142857142857
"12",11,"zero","hui",0,0
"13",10,"zero","hui",0,0
"14",9,"zero","hui",5,0.714285714285714
"15",8,"zero","hui",7,1
"16",7,"zero","hui",7,1
"17",6,"zero","hui",7,1
"18",5,"zero","hui",7,1
"19",4,"zero","hui",7,1
"20",3,"zero","hui",7,1
"21",2,"zero","hui",7,1
"22",1,"zero","hui",7,1
"23",11,"zero","X3",0,0
"24",10,"zero","X3",0,0
"25",9,"zero","X3",2,0.285714285714286
"26",8,"zero","X3",3,0.428571428571429
"27",7,"zero","X3",6,0.857142857142857
"28",6,"zero","X3",7,1
"29",5,"zero","X3",7,1
"30",4,"zero","X3",7,1
"31",3,"zero","X3",7,1
"32",2,"zero","X3",7,1
"33",1,"zero","X3",7,1
"34",11,"zero","X2",0,0
"35",10,"zero","X2",0,0
"36",9,"zero","X2",0,0
"37",8,"zero","X2",1,0.142857142857143
"38",7,"zero","X2",2,0.285714285714286
"39",6,"zero","X2",7,1
"40",5,"zero","X2",7,1
"41",4,"zero","X2",7,1
"42",3,"zero","X2",5,0.714285714285714
"43",2,"zero","X2",7,1
"44",1,"zero","X2",7,1
"45",11,"zero","X5",2,0.285714285714286
"46",10,"zero","X5",0,0
"47",9,"zero","X5",4,0.571428571428571
"48",8,"zero","X5",6,0.857142857142857
"49",7,"zero","X5",7,1
"50",6,"zero","X5",7,1
"51",5,"zero","X5",7,1
"52",4,"zero","X5",7,1
"53",3,"zero","X5",7,1
"54",2,"zero","X5",7,1
"55",1,"zero","X5",7,1
"56",11,"zero","X4",0,0
"57",10,"zero","X4",2,0.285714285714286
"58",9,"zero","X4",3,0.428571428571429
"59",8,"zero","X4",5,0.714285714285714
"60",7,"zero","X4",7,1
"61",6,"zero","X4",7,1
"62",5,"zero","X4",7,1
"63",4,"zero","X4",7,1
"64",3,"zero","X4",7,1
"65",2,"zero","X4",7,1
"66",1,"zero","X4",7,1
"67",11,"zero","X6",0,0
"68",10,"zero","X6",0,0
"69",9,"zero","X6",1,0.142857142857143
"70",8,"zero","X6",4,0.571428571428571
"71",7,"zero","X6",7,1
"72",6,"zero","X6",7,1
"73",5,"zero","X6",7,1
"74",4,"zero","X6",7,1
"75",3,"zero","X6",7,1
"76",2,"zero","X6",7,1
"77",1,"zero","X6",7,1
"78",11,"zero","X1",0,0
"79",10,"zero","X1",0,0
"80",9,"zero","X1",0,0
"81",8,"zero","X1",4,0.571428571428571
"82",7,"zero","X1",7,1
"83",6,"zero","X1",7,1
"84",5,"zero","X1",7,1
"85",4,"zero","X1",7,1
"86",3,"zero","X1",7,1
"87",2,"zero","X1",7,1
"88",1,"zero","X1",7,1
"89",11,"zero","X10",0,0
"90",10,"zero","X10",0,0
"91",9,"zero","X10",0,0
"92",8,"zero","X10",0,0
"93",7,"zero","X10",1,0.142857142857143
"94",6,"zero","X10",5,0.714285714285714
"95",5,"zero","X10",7,1
"96",4,"zero","X10",6,0.857142857142857
"97",3,"zero","X10",7,1
"98",2,"zero","X10",7,1
"99",1,"zero","X10",7,1
"100",11,"zero","X7",1,0.142857142857143
"101",10,"zero","X7",2,0.285714285714286
"102",9,"zero","X7",5,0.714285714285714
"103",8,"zero","X7",7,1
"104",7,"zero","X7",7,1
"105",6,"zero","X7",7,1
"106",5,"zero","X7",7,1
"107",4,"zero","X7",7,1
"108",3,"zero","X7",7,1
"109",2,"zero","X7",7,1
"110",1,"zero","X7",7,1
"111",11,"zero","X8",0,0
"112",10,"zero","X8",0,0
"113",9,"zero","X8",0,0
"114",8,"zero","X8",2,0.285714285714286
"115",7,"zero","X8",7,1
"116",6,"zero","X8",7,1
"117",5,"zero","X8",7,1
"118",4,"zero","X8",7,1
"119",3,"zero","X8",7,1
"120",2,"zero","X8",7,1
"121",1,"zero","X8",7,1
"122",11,"zero","X15",0,0
"123",10,"zero","X15",1,0.142857142857143
"124",9,"zero","X15",1,0.142857142857143
"125",8,"zero","X15",5,0.714285714285714
"126",7,"zero","X15",7,1
"127",6,"zero","X15",7,1
"128",5,"zero","X15",7,1
"129",4,"zero","X15",7,1
"130",3,"zero","X15",7,1
"131",2,"zero","X15",7,1
"132",1,"zero","X15",7,1
"133",11,"zero","X21",0,0
"134",10,"zero","X21",0,0
"135",9,"zero","X21",1,0.142857142857143
"136",8,"zero","X21",5,0.714285714285714
"137",7,"zero","X21",6,0.857142857142857
"138",6,"zero","X21",7,1
"139",5,"zero","X21",7,1
"140",4,"zero","X21",7,1
"141",3,"zero","X21",7,1
"142",2,"zero","X21",7,1
"143",1,"zero","X21",7,1
"144",11,"zero","X24",0,0
"145",10,"zero","X24",0,0
"146",9,"zero","X24",1,0.142857142857143
"147",8,"zero","X24",2,0.285714285714286
"148",7,"zero","X24",7,1
"149",6,"zero","X24",7,1
"150",5,"zero","X24",7,1
"151",4,"zero","X24",7,1
"152",3,"zero","X24",7,1
"153",2,"zero","X24",7,1
"154",1,"zero","X24",7,1
"155",11,"zero","X27",0,0
"156",10,"zero","X27",1,0.142857142857143
"157",9,"zero","X27",2,0.285714285714286
"158",8,"zero","X27",5,0.714285714285714
"159",7,"zero","X27",7,1
"160",6,"zero","X27",7,1
"161",5,"zero","X27",7,1
"162",4,"zero","X27",7,1
"163",3,"zero","X27",7,1
"164",2,"zero","X27",7,1
"165",1,"zero","X27",7,1
"166",11,"zero","X9",0,0
"167",10,"zero","X9",1,0.142857142857143
"168",9,"zero","X9",3,0.428571428571429
"169",8,"zero","X9",7,1
"170",7,"zero","X9",7,1
"171",6,"zero","X9",7,1
"172",5,"zero","X9",7,1
"173",4,"zero","X9",7,1
"174",3,"zero","X9",7,1
"175",2,"zero","X9",7,1
"176",1,"zero","X9",7,1
"177",11,"zero","X16",0,0
"178",10,"zero","X16",0,0
"179",9,"zero","X16",3,0.428571428571429
"180",8,"zero","X16",7,1
"181",7,"zero","X16",7,1
"182",6,"zero","X16",7,1
"183",5,"zero","X16",7,1
"184",4,"zero","X16",7,1
"185",3,"zero","X16",7,1
"186",2,"zero","X16",7,1
"187",1,"zero","X16",7,1
"188",11,"zero","X30",0,0
"189",10,"zero","X30",1,0.142857142857143
"190",9,"zero","X30",6,0.857142857142857
"191",8,"zero","X30",6,0.857142857142857
"192",7,"zero","X30",6,0.857142857142857
"193",6,"zero","X30",7,1
"194",5,"zero","X30",7,1
"195",4,"zero","X30",7,1
"196",3,"zero","X30",7,1
"197",2,"zero","X30",7,1
"198",1,"zero","X30",7,1
"199",11,"zero","X29",0,0
"200",10,"zero","X29",0,0
"201",9,"zero","X29",1,0.142857142857143
"202",8,"zero","X29",5,0.714285714285714
"203",7,"zero","X29",7,1
"204",6,"zero","X29",7,1
"205",5,"zero","X29",7,1
"206",4,"zero","X29",7,1
"207",3,"zero","X29",7,1
"208",2,"zero","X29",7,1
"209",1,"zero","X29",7,1
"210",11,"zero","X14",1,0.142857142857143
"211",10,"zero","X14",1,0.142857142857143
"212",9,"zero","X14",3,0.428571428571429
"213",8,"zero","X14",6,0.857142857142857
"214",7,"zero","X14",7,1
"215",6,"zero","X14",7,1
"216",5,"zero","X14",7,1
"217",4,"zero","X14",7,1
"218",3,"zero","X14",7,1
"219",2,"zero","X14",7,1
"220",1,"zero","X14",7,1
"221",11,"zero","X12",0,0
"222",10,"zero","X12",0,0
"223",9,"zero","X12",0,0
"224",8,"zero","X12",0,0
"225",7,"zero","X12",0,0
"226",6,"zero","X12",3,0.428571428571429
"227",5,"zero","X12",5,0.714285714285714
"228",4,"zero","X12",7,1
"229",3,"zero","X12",7,1
"230",2,"zero","X12",7,1
"231",1,"zero","X12",7,1
"232",11,"zero","X13",0,0
"233",10,"zero","X13",1,0.142857142857143
"234",9,"zero","X13",3,0.428571428571429
"235",8,"zero","X13",6,0.857142857142857
"236",7,"zero","X13",7,1
"237",6,"zero","X13",7,1
"238",5,"zero","X13",7,1
"239",4,"zero","X13",7,1
"240",3,"zero","X13",7,1
"241",2,"zero","X13",7,1
"242",1,"zero","X13",7,1
"243",11,"zero","X18",0,0
"244",10,"zero","X18",0,0
"245",9,"zero","X18",0,0
"246",8,"zero","X18",0,0
"247",7,"zero","X18",3,0.428571428571429
"248",6,"zero","X18",4,0.571428571428571
"249",5,"zero","X18",7,1
"250",4,"zero","X18",7,1
"251",3,"zero","X18",7,1
"252",2,"zero","X18",7,1
"253",1,"zero","X18",7,1
"254",11,"zero","X11",0,0
"255",10,"zero","X11",0,0
"256",9,"zero","X11",0,0
"257",8,"zero","X11",0,0
"258",7,"zero","X11",0,0
"259",6,"zero","X11",3,0.428571428571429
"260",5,"zero","X11",7,1
"261",4,"zero","X11",7,1
"262",3,"zero","X11",7,1
"263",2,"zero","X11",7,1
"264",1,"zero","X11",7,1
"265",11,"zero","X26",2,0.285714285714286
"266",10,"zero","X26",4,0.571428571428571
"267",9,"zero","X26",5,0.714285714285714
"268",8,"zero","X26",6,0.857142857142857
"269",7,"zero","X26",6,0.857142857142857
"270",6,"zero","X26",7,1
"271",5,"zero","X26",7,1
"272",4,"zero","X26",7,1
"273",3,"zero","X26",7,1
"274",2,"zero","X26",5,0.714285714285714
"275",1,"zero","X26",7,1
"276",11,"zero","X21.1",3,0.428571428571429
"277",10,"zero","X21.1",5,0.714285714285714
"278",9,"zero","X21.1",5,0.714285714285714
"279",8,"zero","X21.1",6,0.857142857142857
"280",7,"zero","X21.1",7,1
"281",6,"zero","X21.1",7,1
"282",5,"zero","X21.1",7,1
"283",4,"zero","X21.1",7,1
"284",3,"zero","X21.1",6,0.857142857142857
"285",2,"zero","X21.1",7,1
"286",1,"zero","X21.1",7,1
"287",11,"zero","X28",0,0
"288",10,"zero","X28",1,0.142857142857143
"289",9,"zero","X28",3,0.428571428571429
"290",8,"zero","X28",7,1
"291",7,"zero","X28",7,1
"292",6,"zero","X28",7,1
"293",5,"zero","X28",7,1
"294",4,"zero","X28",7,1
"295",3,"zero","X28",7,1
"296",2,"zero","X28",7,1
"297",1,"zero","X28",7,1
"298",11,"zero","X25",0,0
"299",10,"zero","X25",0,0
"300",9,"zero","X25",0,0
"301",8,"zero","X25",1,0.142857142857143
"302",7,"zero","X25",5,0.714285714285714
"303",6,"zero","X25",7,1
"304",5,"zero","X25",7,1
"305",4,"zero","X25",7,1
"306",3,"zero","X25",7,1
"307",2,"zero","X25",7,1
"308",1,"zero","X25",7,1
"309",11,"zero","X19",1,0.142857142857143
"310",10,"zero","X19",1,0.142857142857143
"311",9,"zero","X19",4,0.571428571428571
"312",8,"zero","X19",5,0.714285714285714
"313",7,"zero","X19",7,1
"314",6,"zero","X19",7,1
"315",5,"zero","X19",7,1
"316",4,"zero","X19",7,1
"317",3,"zero","X19",7,1
"318",2,"zero","X19",7,1
"319",1,"zero","X19",7,1
"320",11,"Tone1","Group.1",1,0.142857142857143
"321",10,"Tone1","Group.1",2,0.285714285714286
"322",9,"Tone1","Group.1",3,0.428571428571429
"323",8,"Tone1","Group.1",4,0.571428571428571
"324",7,"Tone1","Group.1",5,0.714285714285714
"325",6,"Tone1","Group.1",6,0.857142857142857
"326",5,"Tone1","Group.1",7,1
"327",4,"Tone1","Group.1",8,1.14285714285714
"328",3,"Tone1","Group.1",9,1.28571428571429
"329",2,"Tone1","Group.1",10,1.42857142857143
"330",1,"Tone1","Group.1",11,1.57142857142857
"331",11,"Tone2","Group.1",1,0.142857142857143
"332",10,"Tone2","Group.1",2,0.285714285714286
"333",9,"Tone2","Group.1",3,0.428571428571429
"334",8,"Tone2","Group.1",4,0.571428571428571
"335",7,"Tone2","Group.1",5,0.714285714285714
"336",6,"Tone2","Group.1",6,0.857142857142857
"337",5,"Tone2","Group.1",7,1
"338",4,"Tone2","Group.1",8,1.14285714285714
"339",3,"Tone2","Group.1",9,1.28571428571429
"340",2,"Tone2","Group.1",10,1.42857142857143
"341",1,"Tone2","Group.1",11,1.57142857142857
"342",11,"Tone4","Group.1",1,0.142857142857143
"343",10,"Tone4","Group.1",2,0.285714285714286
"344",9,"Tone4","Group.1",3,0.428571428571429
"345",8,"Tone4","Group.1",4,0.571428571428571
"346",7,"Tone4","Group.1",5,0.714285714285714
"347",6,"Tone4","Group.1",6,0.857142857142857
"348",5,"Tone4","Group.1",7,1
"349",4,"Tone4","Group.1",8,1.14285714285714
"350",3,"Tone4","Group.1",9,1.28571428571429
"351",2,"Tone4","Group.1",10,1.42857142857143
"352",1,"Tone4","Group.1",11,1.57142857142857
"353",11,"Tone1","hui",1,0.142857142857143
"354",10,"Tone1","hui",0,0
"355",9,"Tone1","hui",0,0
"356",8,"Tone1","hui",3,0.428571428571429
"357",7,"Tone1","hui",7,1
"358",6,"Tone1","hui",7,1
"359",5,"Tone1","hui",7,1
"360",4,"Tone1","hui",7,1
"361",3,"Tone1","hui",7,1
"362",2,"Tone1","hui",7,1
"363",1,"Tone1","hui",7,1
"364",11,"Tone2","hui",1,0.142857142857143
"365",10,"Tone2","hui",1,0.142857142857143
"366",9,"Tone2","hui",0,0
"367",8,"Tone2","hui",0,0
"368",7,"Tone2","hui",1,0.142857142857143
"369",6,"Tone2","hui",5,0.714285714285714
"370",5,"Tone2","hui",7,1
"371",4,"Tone2","hui",7,1
"372",3,"Tone2","hui",7,1
"373",2,"Tone2","hui",7,1
"374",1,"Tone2","hui",7,1
"375",11,"Tone4","hui",0,0
"376",10,"Tone4","hui",2,0.285714285714286
"377",9,"Tone4","hui",7,1
"378",8,"Tone4","hui",7,1
"379",7,"Tone4","hui",7,1
"380",6,"Tone4","hui",7,1
"381",5,"Tone4","hui",7,1
"382",4,"Tone4","hui",7,1
"383",3,"Tone4","hui",7,1
"384",2,"Tone4","hui",7,1
"385",1,"Tone4","hui",7,1
"386",11,"Tone1","X3",0,0
"387",10,"Tone1","X3",0,0
"388",9,"Tone1","X3",0,0
"389",8,"Tone1","X3",0,0
"390",7,"Tone1","X3",7,1
"391",6,"Tone1","X3",7,1
"392",5,"Tone1","X3",7,1
"393",4,"Tone1","X3",7,1
"394",3,"Tone1","X3",7,1
"395",2,"Tone1","X3",7,1
"396",1,"Tone1","X3",7,1
"397",11,"Tone2","X3",0,0
"398",10,"Tone2","X3",0,0
"399",9,"Tone2","X3",0,0
"400",8,"Tone2","X3",1,0.142857142857143
"401",7,"Tone2","X3",0,0
"402",6,"Tone2","X3",0,0
"403",5,"Tone2","X3",0,0
"404",4,"Tone2","X3",3,0.428571428571429
"405",3,"Tone2","X3",4,0.571428571428571
"406",2,"Tone2","X3",7,1
"407",1,"Tone2","X3",7,1
"408",11,"Tone4","X3",0,0
"409",10,"Tone4","X3",5,0.714285714285714
"410",9,"Tone4","X3",7,1
"411",8,"Tone4","X3",7,1
"412",7,"Tone4","X3",7,1
"413",6,"Tone4","X3",7,1
"414",5,"Tone4","X3",7,1
"415",4,"Tone4","X3",7,1
"416",3,"Tone4","X3",7,1
"417",2,"Tone4","X3",7,1
"418",1,"Tone4","X3",7,1
"419",11,"Tone1","X2",0,0
"420",10,"Tone1","X2",1,0.142857142857143
"421",9,"Tone1","X2",0,0
"422",8,"Tone1","X2",1,0.142857142857143
"423",7,"Tone1","X2",1,0.142857142857143
"424",6,"Tone1","X2",3,0.428571428571429
"425",5,"Tone1","X2",7,1
"426",4,"Tone1","X2",7,1
"427",3,"Tone1","X2",7,1
"428",2,"Tone1","X2",7,1
"429",1,"Tone1","X2",7,1
"430",11,"Tone2","X2",0,0
"431",10,"Tone2","X2",0,0
"432",9,"Tone2","X2",0,0
"433",8,"Tone2","X2",0,0
"434",7,"Tone2","X2",0,0
"435",6,"Tone2","X2",0,0
"436",5,"Tone2","X2",0,0
"437",4,"Tone2","X2",0,0
"438",3,"Tone2","X2",0,0
"439",2,"Tone2","X2",0,0
"440",1,"Tone2","X2",2,0.285714285714286
"441",11,"Tone4","X2",0,0
"442",10,"Tone4","X2",0,0
"443",9,"Tone4","X2",1,0.142857142857143
"444",8,"Tone4","X2",5,0.714285714285714
"445",7,"Tone4","X2",7,1
"446",6,"Tone4","X2",7,1
"447",5,"Tone4","X2",7,1
"448",4,"Tone4","X2",7,1
"449",3,"Tone4","X2",7,1
"450",2,"Tone4","X2",7,1
"451",1,"Tone4","X2",7,1
"452",11,"Tone1","X5",1,0.142857142857143
"453",10,"Tone1","X5",1,0.142857142857143
"454",9,"Tone1","X5",5,0.714285714285714
"455",8,"Tone1","X5",5,0.714285714285714
"456",7,"Tone1","X5",7,1
"457",6,"Tone1","X5",7,1
"458",5,"Tone1","X5",6,0.857142857142857
"459",4,"Tone1","X5",7,1
"460",3,"Tone1","X5",6,0.857142857142857
"461",2,"Tone1","X5",7,1
"462",1,"Tone1","X5",7,1
"463",11,"Tone2","X5",0,0
"464",10,"Tone2","X5",0,0
"465",9,"Tone2","X5",1,0.142857142857143
"466",8,"Tone2","X5",0,0
"467",7,"Tone2","X5",1,0.142857142857143
"468",6,"Tone2","X5",1,0.142857142857143
"469",5,"Tone2","X5",1,0.142857142857143
"470",4,"Tone2","X5",2,0.285714285714286
"471",3,"Tone2","X5",4,0.571428571428571
"472",2,"Tone2","X5",5,0.714285714285714
"473",1,"Tone2","X5",3,0.428571428571429
"474",11,"Tone4","X5",1,0.142857142857143
"475",10,"Tone4","X5",2,0.285714285714286
"476",9,"Tone4","X5",7,1
"477",8,"Tone4","X5",7,1
"478",7,"Tone4","X5",7,1
"479",6,"Tone4","X5",7,1
"480",5,"Tone4","X5",7,1
"481",4,"Tone4","X5",7,1
"482",3,"Tone4","X5",7,1
"483",2,"Tone4","X5",7,1
"484",1,"Tone4","X5",7,1
"485",11,"Tone1","X4",0,0
"486",10,"Tone1","X4",0,0
"487",9,"Tone1","X4",0,0
"488",8,"Tone1","X4",1,0.142857142857143
"489",7,"Tone1","X4",1,0.142857142857143
"490",6,"Tone1","X4",0,0
"491",5,"Tone1","X4",1,0.142857142857143
"492",4,"Tone1","X4",6,0.857142857142857
"493",3,"Tone1","X4",7,1
"494",2,"Tone1","X4",7,1
"495",1,"Tone1","X4",7,1
"496",11,"Tone2","X4",0,0
"497",10,"Tone2","X4",0,0
"498",9,"Tone2","X4",0,0
"499",8,"Tone2","X4",0,0
"500",7,"Tone2","X4",0,0
"501",6,"Tone2","X4",0,0
"502",5,"Tone2","X4",0,0
"503",4,"Tone2","X4",0,0
"504",3,"Tone2","X4",1,0.142857142857143
"505",2,"Tone2","X4",4,0.571428571428571
"506",1,"Tone2","X4",4,0.571428571428571
"507",11,"Tone4","X4",1,0.142857142857143
"508",10,"Tone4","X4",2,0.285714285714286
"509",9,"Tone4","X4",2,0.285714285714286
"510",8,"Tone4","X4",5,0.714285714285714
"511",7,"Tone4","X4",7,1
"512",6,"Tone4","X4",7,1
"513",5,"Tone4","X4",7,1
"514",4,"Tone4","X4",7,1
"515",3,"Tone4","X4",7,1
"516",2,"Tone4","X4",7,1
"517",1,"Tone4","X4",7,1
"518",11,"Tone1","X6",0,0
"519",10,"Tone1","X6",0,0
"520",9,"Tone1","X6",1,0.142857142857143
"521",8,"Tone1","X6",1,0.142857142857143
"522",7,"Tone1","X6",5,0.714285714285714
"523",6,"Tone1","X6",7,1
"524",5,"Tone1","X6",7,1
"525",4,"Tone1","X6",7,1
"526",3,"Tone1","X6",7,1
"527",2,"Tone1","X6",7,1
"528",1,"Tone1","X6",7,1
"529",11,"Tone2","X6",0,0
"530",10,"Tone2","X6",0,0
"531",9,"Tone2","X6",0,0
"532",8,"Tone2","X6",0,0
"533",7,"Tone2","X6",3,0.428571428571429
"534",6,"Tone2","X6",2,0.285714285714286
"535",5,"Tone2","X6",5,0.714285714285714
"536",4,"Tone2","X6",5,0.714285714285714
"537",3,"Tone2","X6",7,1
"538",2,"Tone2","X6",7,1
"539",1,"Tone2","X6",7,1
"540",11,"Tone4","X6",0,0
"541",10,"Tone4","X6",1,0.142857142857143
"542",9,"Tone4","X6",6,0.857142857142857
"543",8,"Tone4","X6",6,0.857142857142857
"544",7,"Tone4","X6",7,1
"545",6,"Tone4","X6",7,1
"546",5,"Tone4","X6",7,1
"547",4,"Tone4","X6",7,1
"548",3,"Tone4","X6",7,1
"549",2,"Tone4","X6",7,1
"550",1,"Tone4","X6",7,1
"551",11,"Tone1","X1",0,0
"552",10,"Tone1","X1",0,0
"553",9,"Tone1","X1",0,0
"554",8,"Tone1","X1",0,0
"555",7,"Tone1","X1",1,0.142857142857143
"556",6,"Tone1","X1",3,0.428571428571429
"557",5,"Tone1","X1",7,1
"558",4,"Tone1","X1",5,0.714285714285714
"559",3,"Tone1","X1",7,1
"560",2,"Tone1","X1",7,1
"561",1,"Tone1","X1",7,1
"562",11,"Tone2","X1",0,0
"563",10,"Tone2","X1",0,0
"564",9,"Tone2","X1",0,0
"565",8,"Tone2","X1",0,0
"566",7,"Tone2","X1",0,0
"567",6,"Tone2","X1",0,0
"568",5,"Tone2","X1",0,0
"569",4,"Tone2","X1",0,0
"570",3,"Tone2","X1",2,0.285714285714286
"571",2,"Tone2","X1",3,0.428571428571429
"572",1,"Tone2","X1",3,0.428571428571429
"573",11,"Tone4","X1",0,0
"574",10,"Tone4","X1",0,0
"575",9,"Tone4","X1",1,0.142857142857143
"576",8,"Tone4","X1",1,0.142857142857143
"577",7,"Tone4","X1",7,1
"578",6,"Tone4","X1",7,1
"579",5,"Tone4","X1",7,1
"580",4,"Tone4","X1",7,1
"581",3,"Tone4","X1",6,0.857142857142857
"582",2,"Tone4","X1",7,1
"583",1,"Tone4","X1",7,1
"584",11,"Tone1","X10",0,0
"585",10,"Tone1","X10",0,0
"586",9,"Tone1","X10",4,0.571428571428571
"587",8,"Tone1","X10",3,0.428571428571429
"588",7,"Tone1","X10",4,0.571428571428571
"589",6,"Tone1","X10",6,0.857142857142857
"590",5,"Tone1","X10",7,1
"591",4,"Tone1","X10",7,1
"592",3,"Tone1","X10",7,1
"593",2,"Tone1","X10",7,1
"594",1,"Tone1","X10",7,1
"595",11,"Tone2","X10",0,0
"596",10,"Tone2","X10",0,0
"597",9,"Tone2","X10",0,0
"598",8,"Tone2","X10",1,0.142857142857143
"599",7,"Tone2","X10",7,1
"600",6,"Tone2","X10",7,1
"601",5,"Tone2","X10",7,1
"602",4,"Tone2","X10",7,1
"603",3,"Tone2","X10",7,1
"604",2,"Tone2","X10",7,1
"605",1,"Tone2","X10",7,1
"606",11,"Tone4","X10",0,0
"607",10,"Tone4","X10",2,0.285714285714286
"608",9,"Tone4","X10",4,0.571428571428571
"609",8,"Tone4","X10",6,0.857142857142857
"610",7,"Tone4","X10",7,1
"611",6,"Tone4","X10",7,1
"612",5,"Tone4","X10",7,1
"613",4,"Tone4","X10",7,1
"614",3,"Tone4","X10",7,1
"615",2,"Tone4","X10",7,1
"616",1,"Tone4","X10",7,1
"617",11,"Tone1","X7",0,0
"618",10,"Tone1","X7",0,0
"619",9,"Tone1","X7",0,0
"620",8,"Tone1","X7",0,0
"621",7,"Tone1","X7",0,0
"622",6,"Tone1","X7",1,0.142857142857143
"623",5,"Tone1","X7",2,0.285714285714286
"624",4,"Tone1","X7",3,0.428571428571429
"625",3,"Tone1","X7",4,0.571428571428571
"626",2,"Tone1","X7",5,0.714285714285714
"627",1,"Tone1","X7",7,1
"628",11,"Tone2","X7",0,0
"629",10,"Tone2","X7",0,0
"630",9,"Tone2","X7",0,0
"631",8,"Tone2","X7",0,0
"632",7,"Tone2","X7",0,0
"633",6,"Tone2","X7",0,0
"634",5,"Tone2","X7",0,0
"635",4,"Tone2","X7",0,0
"636",3,"Tone2","X7",0,0
"637",2,"Tone2","X7",3,0.428571428571429
"638",1,"Tone2","X7",3,0.428571428571429
"639",11,"Tone4","X7",0,0
"640",10,"Tone4","X7",1,0.142857142857143
"641",9,"Tone4","X7",4,0.571428571428571
"642",8,"Tone4","X7",5,0.714285714285714
"643",7,"Tone4","X7",7,1
"644",6,"Tone4","X7",7,1
"645",5,"Tone4","X7",7,1
"646",4,"Tone4","X7",7,1
"647",3,"Tone4","X7",7,1
"648",2,"Tone4","X7",7,1
"649",1,"Tone4","X7",7,1
"650",11,"Tone1","X8",0,0
"651",10,"Tone1","X8",0,0
"652",9,"Tone1","X8",0,0
"653",8,"Tone1","X8",1,0.142857142857143
"654",7,"Tone1","X8",2,0.285714285714286
"655",6,"Tone1","X8",5,0.714285714285714
"656",5,"Tone1","X8",7,1
"657",4,"Tone1","X8",7,1
"658",3,"Tone1","X8",7,1
"659",2,"Tone1","X8",6,0.857142857142857
"660",1,"Tone1","X8",7,1
"661",11,"Tone2","X8",1,0.142857142857143
"662",10,"Tone2","X8",1,0.142857142857143
"663",9,"Tone2","X8",0,0
"664",8,"Tone2","X8",0,0
"665",7,"Tone2","X8",0,0
"666",6,"Tone2","X8",1,0.142857142857143
"667",5,"Tone2","X8",2,0.285714285714286
"668",4,"Tone2","X8",1,0.142857142857143
"669",3,"Tone2","X8",4,0.571428571428571
"670",2,"Tone2","X8",5,0.714285714285714
"671",1,"Tone2","X8",7,1
"672",11,"Tone4","X8",0,0
"673",10,"Tone4","X8",1,0.142857142857143
"674",9,"Tone4","X8",2,0.285714285714286
"675",8,"Tone4","X8",7,1
"676",7,"Tone4","X8",7,1
"677",6,"Tone4","X8",7,1
"678",5,"Tone4","X8",7,1
"679",4,"Tone4","X8",7,1
"680",3,"Tone4","X8",7,1
"681",2,"Tone4","X8",7,1
"682",1,"Tone4","X8",7,1
"683",11,"Tone1","X15",0,0
"684",10,"Tone1","X15",1,0.142857142857143
"685",9,"Tone1","X15",2,0.285714285714286
"686",8,"Tone1","X15",4,0.571428571428571
"687",7,"Tone1","X15",6,0.857142857142857
"688",6,"Tone1","X15",3,0.428571428571429
"689",5,"Tone1","X15",6,0.857142857142857
"690",4,"Tone1","X15",6,0.857142857142857
"691",3,"Tone1","X15",6,0.857142857142857
"692",2,"Tone1","X15",7,1
"693",1,"Tone1","X15",6,0.857142857142857
"694",11,"Tone2","X15",0,0
"695",10,"Tone2","X15",0,0
"696",9,"Tone2","X15",0,0
"697",8,"Tone2","X15",0,0
"698",7,"Tone2","X15",0,0
"699",6,"Tone2","X15",1,0.142857142857143
"700",5,"Tone2","X15",0,0
"701",4,"Tone2","X15",0,0
"702",3,"Tone2","X15",1,0.142857142857143
"703",2,"Tone2","X15",2,0.285714285714286
"704",1,"Tone2","X15",4,0.571428571428571
"705",11,"Tone4","X15",4,0.571428571428571
"706",10,"Tone4","X15",5,0.714285714285714
"707",9,"Tone4","X15",6,0.857142857142857
"708",8,"Tone4","X15",7,1
"709",7,"Tone4","X15",7,1
"710",6,"Tone4","X15",7,1
"711",5,"Tone4","X15",7,1
"712",4,"Tone4","X15",7,1
"713",3,"Tone4","X15",7,1
"714",2,"Tone4","X15",7,1
"715",1,"Tone4","X15",7,1
"716",11,"Tone1","X21",0,0
"717",10,"Tone1","X21",0,0
"718",9,"Tone1","X21",1,0.142857142857143
"719",8,"Tone1","X21",2,0.285714285714286
"720",7,"Tone1","X21",3,0.428571428571429
"721",6,"Tone1","X21",6,0.857142857142857
"722",5,"Tone1","X21",5,0.714285714285714
"723",4,"Tone1","X21",7,1
"724",3,"Tone1","X21",7,1
"725",2,"Tone1","X21",7,1
"726",1,"Tone1","X21",7,1
"727",11,"Tone2","X21",0,0
"728",10,"Tone2","X21",0,0
"729",9,"Tone2","X21",0,0
"730",8,"Tone2","X21",1,0.142857142857143
"731",7,"Tone2","X21",0,0
"732",6,"Tone2","X21",0,0
"733",5,"Tone2","X21",0,0
"734",4,"Tone2","X21",0,0
"735",3,"Tone2","X21",3,0.428571428571429
"736",2,"Tone2","X21",3,0.428571428571429
"737",1,"Tone2","X21",2,0.285714285714286
"738",11,"Tone4","X21",0,0
"739",10,"Tone4","X21",1,0.142857142857143
"740",9,"Tone4","X21",7,1
"741",8,"Tone4","X21",7,1
"742",7,"Tone4","X21",7,1
"743",6,"Tone4","X21",7,1
"744",5,"Tone4","X21",7,1
"745",4,"Tone4","X21",7,1
"746",3,"Tone4","X21",7,1
"747",2,"Tone4","X21",7,1
"748",1,"Tone4","X21",7,1
"749",11,"Tone1","X24",0,0
"750",10,"Tone1","X24",0,0
"751",9,"Tone1","X24",0,0
"752",8,"Tone1","X24",0,0
"753",7,"Tone1","X24",1,0.142857142857143
"754",6,"Tone1","X24",7,1
"755",5,"Tone1","X24",7,1
"756",4,"Tone1","X24",7,1
"757",3,"Tone1","X24",7,1
"758",2,"Tone1","X24",7,1
"759",1,"Tone1","X24",7,1
"760",11,"Tone2","X24",0,0
"761",10,"Tone2","X24",0,0
"762",9,"Tone2","X24",0,0
"763",8,"Tone2","X24",1,0.142857142857143
"764",7,"Tone2","X24",3,0.428571428571429
"765",6,"Tone2","X24",3,0.428571428571429
"766",5,"Tone2","X24",4,0.571428571428571
"767",4,"Tone2","X24",7,1
"768",3,"Tone2","X24",7,1
"769",2,"Tone2","X24",7,1
"770",1,"Tone2","X24",7,1
"771",11,"Tone4","X24",0,0
"772",10,"Tone4","X24",1,0.142857142857143
"773",9,"Tone4","X24",3,0.428571428571429
"774",8,"Tone4","X24",6,0.857142857142857
"775",7,"Tone4","X24",7,1
"776",6,"Tone4","X24",7,1
"777",5,"Tone4","X24",7,1
"778",4,"Tone4","X24",7,1
"779",3,"Tone4","X24",7,1
"780",2,"Tone4","X24",7,1
"781",1,"Tone4","X24",7,1
"782",11,"Tone1","X27",0,0
"783",10,"Tone1","X27",0,0
"784",9,"Tone1","X27",0,0
"785",8,"Tone1","X27",0,0
"786",7,"Tone1","X27",2,0.285714285714286
"787",6,"Tone1","X27",2,0.285714285714286
"788",5,"Tone1","X27",4,0.571428571428571
"789",4,"Tone1","X27",5,0.714285714285714
"790",3,"Tone1","X27",7,1
"791",2,"Tone1","X27",6,0.857142857142857
"792",1,"Tone1","X27",7,1
"793",11,"Tone2","X27",0,0
"794",10,"Tone2","X27",0,0
"795",9,"Tone2","X27",0,0
"796",8,"Tone2","X27",0,0
"797",7,"Tone2","X27",0,0
"798",6,"Tone2","X27",0,0
"799",5,"Tone2","X27",0,0
"800",4,"Tone2","X27",1,0.142857142857143
"801",3,"Tone2","X27",1,0.142857142857143
"802",2,"Tone2","X27",1,0.142857142857143
"803",1,"Tone2","X27",5,0.714285714285714
"804",11,"Tone4","X27",2,0.285714285714286
"805",10,"Tone4","X27",4,0.571428571428571
"806",9,"Tone4","X27",6,0.857142857142857
"807",8,"Tone4","X27",7,1
"808",7,"Tone4","X27",7,1
"809",6,"Tone4","X27",7,1
"810",5,"Tone4","X27",7,1
"811",4,"Tone4","X27",7,1
"812",3,"Tone4","X27",7,1
"813",2,"Tone4","X27",7,1
"814",1,"Tone4","X27",7,1
"815",11,"Tone1","X9",0,0
"816",10,"Tone1","X9",0,0
"817",9,"Tone1","X9",0,0
"818",8,"Tone1","X9",0,0
"819",7,"Tone1","X9",4,0.571428571428571
"820",6,"Tone1","X9",7,1
"821",5,"Tone1","X9",7,1
"822",4,"Tone1","X9",7,1
"823",3,"Tone1","X9",7,1
"824",2,"Tone1","X9",7,1
"825",1,"Tone1","X9",7,1
"826",11,"Tone2","X9",0,0
"827",10,"Tone2","X9",0,0
"828",9,"Tone2","X9",0,0
"829",8,"Tone2","X9",1,0.142857142857143
"830",7,"Tone2","X9",5,0.714285714285714
"831",6,"Tone2","X9",7,1
"832",5,"Tone2","X9",7,1
"833",4,"Tone2","X9",7,1
"834",3,"Tone2","X9",7,1
"835",2,"Tone2","X9",7,1
"836",1,"Tone2","X9",7,1
"837",11,"Tone4","X9",0,0
"838",10,"Tone4","X9",3,0.428571428571429
"839",9,"Tone4","X9",6,0.857142857142857
"840",8,"Tone4","X9",7,1
"841",7,"Tone4","X9",7,1
"842",6,"Tone4","X9",7,1
"843",5,"Tone4","X9",7,1
"844",4,"Tone4","X9",7,1
"845",3,"Tone4","X9",7,1
"846",2,"Tone4","X9",7,1
"847",1,"Tone4","X9",7,1
"848",11,"Tone1","X16",3,0.428571428571429
"849",10,"Tone1","X16",5,0.714285714285714
"850",9,"Tone1","X16",3,0.428571428571429
"851",8,"Tone1","X16",4,0.571428571428571
"852",7,"Tone1","X16",6,0.857142857142857
"853",6,"Tone1","X16",5,0.714285714285714
"854",5,"Tone1","X16",7,1
"855",4,"Tone1","X16",5,0.714285714285714
"856",3,"Tone1","X16",5,0.714285714285714
"857",2,"Tone1","X16",6,0.857142857142857
"858",1,"Tone1","X16",6,0.857142857142857
"859",11,"Tone2","X16",4,0.571428571428571
"860",10,"Tone2","X16",6,0.857142857142857
"861",9,"Tone2","X16",5,0.714285714285714
"862",8,"Tone2","X16",5,0.714285714285714
"863",7,"Tone2","X16",5,0.714285714285714
"864",6,"Tone2","X16",7,1
"865",5,"Tone2","X16",7,1
"866",4,"Tone2","X16",6,0.857142857142857
"867",3,"Tone2","X16",5,0.714285714285714
"868",2,"Tone2","X16",6,0.857142857142857
"869",1,"Tone2","X16",7,1
"870",11,"Tone4","X16",3,0.428571428571429
"871",10,"Tone4","X16",5,0.714285714285714
"872",9,"Tone4","X16",6,0.857142857142857
"873",8,"Tone4","X16",7,1
"874",7,"Tone4","X16",6,0.857142857142857
"875",6,"Tone4","X16",6,0.857142857142857
"876",5,"Tone4","X16",7,1
"877",4,"Tone4","X16",5,0.714285714285714
"878",3,"Tone4","X16",5,0.714285714285714
"879",2,"Tone4","X16",6,0.857142857142857
"880",1,"Tone4","X16",6,0.857142857142857
"881",11,"Tone1","X30",1,0.142857142857143
"882",10,"Tone1","X30",1,0.142857142857143
"883",9,"Tone1","X30",1,0.142857142857143
"884",8,"Tone1","X30",3,0.428571428571429
"885",7,"Tone1","X30",2,0.285714285714286
"886",6,"Tone1","X30",4,0.571428571428571
"887",5,"Tone1","X30",6,0.857142857142857
"888",4,"Tone1","X30",6,0.857142857142857
"889",3,"Tone1","X30",7,1
"890",2,"Tone1","X30",7,1
"891",1,"Tone1","X30",7,1
"892",11,"Tone2","X30",0,0
"893",10,"Tone2","X30",0,0
"894",9,"Tone2","X30",0,0
"895",8,"Tone2","X30",0,0
"896",7,"Tone2","X30",0,0
"897",6,"Tone2","X30",0,0
"898",5,"Tone2","X30",3,0.428571428571429
"899",4,"Tone2","X30",3,0.428571428571429
"900",3,"Tone2","X30",5,0.714285714285714
"901",2,"Tone2","X30",5,0.714285714285714
"902",1,"Tone2","X30",5,0.714285714285714
"903",11,"Tone4","X30",0,0
"904",10,"Tone4","X30",5,0.714285714285714
"905",9,"Tone4","X30",5,0.714285714285714
"906",8,"Tone4","X30",7,1
"907",7,"Tone4","X30",7,1
"908",6,"Tone4","X30",7,1
"909",5,"Tone4","X30",7,1
"910",4,"Tone4","X30",7,1
"911",3,"Tone4","X30",7,1
"912",2,"Tone4","X30",7,1
"913",1,"Tone4","X30",7,1
"914",11,"Tone1","X29",0,0
"915",10,"Tone1","X29",0,0
"916",9,"Tone1","X29",1,0.142857142857143
"917",8,"Tone1","X29",6,0.857142857142857
"918",7,"Tone1","X29",6,0.857142857142857
"919",6,"Tone1","X29",6,0.857142857142857
"920",5,"Tone1","X29",7,1
"921",4,"Tone1","X29",7,1
"922",3,"Tone1","X29",7,1
"923",2,"Tone1","X29",7,1
"924",1,"Tone1","X29",7,1
"925",11,"Tone2","X29",0,0
"926",10,"Tone2","X29",0,0
"927",9,"Tone2","X29",0,0
"928",8,"Tone2","X29",3,0.428571428571429
"929",7,"Tone2","X29",5,0.714285714285714
"930",6,"Tone2","X29",6,0.857142857142857
"931",5,"Tone2","X29",7,1
"932",4,"Tone2","X29",7,1
"933",3,"Tone2","X29",7,1
"934",2,"Tone2","X29",7,1
"935",1,"Tone2","X29",7,1
"936",11,"Tone4","X29",0,0
"937",10,"Tone4","X29",7,1
"938",9,"Tone4","X29",7,1
"939",8,"Tone4","X29",7,1
"940",7,"Tone4","X29",7,1
"941",6,"Tone4","X29",7,1
"942",5,"Tone4","X29",7,1
"943",4,"Tone4","X29",7,1
"944",3,"Tone4","X29",7,1
"945",2,"Tone4","X29",7,1
"946",1,"Tone4","X29",7,1
"947",11,"Tone1","X14",0,0
"948",10,"Tone1","X14",1,0.142857142857143
"949",9,"Tone1","X14",5,0.714285714285714
"950",8,"Tone1","X14",6,0.857142857142857
"951",7,"Tone1","X14",7,1
"952",6,"Tone1","X14",7,1
"953",5,"Tone1","X14",7,1
"954",4,"Tone1","X14",7,1
"955",3,"Tone1","X14",7,1
"956",2,"Tone1","X14",7,1
"957",1,"Tone1","X14",7,1
"958",11,"Tone2","X14",0,0
"959",10,"Tone2","X14",0,0
"960",9,"Tone2","X14",0,0
"961",8,"Tone2","X14",0,0
"962",7,"Tone2","X14",0,0
"963",6,"Tone2","X14",0,0
"964",5,"Tone2","X14",0,0
"965",4,"Tone2","X14",0,0
"966",3,"Tone2","X14",0,0
"967",2,"Tone2","X14",1,0.142857142857143
"968",1,"Tone2","X14",0,0
"969",11,"Tone4","X14",0,0
"970",10,"Tone4","X14",3,0.428571428571429
"971",9,"Tone4","X14",6,0.857142857142857
"972",8,"Tone4","X14",7,1
"973",7,"Tone4","X14",7,1
"974",6,"Tone4","X14",7,1
"975",5,"Tone4","X14",7,1
"976",4,"Tone4","X14",7,1
"977",3,"Tone4","X14",7,1
"978",2,"Tone4","X14",7,1
"979",1,"Tone4","X14",7,1
"980",11,"Tone1","X12",0,0
"981",10,"Tone1","X12",0,0
"982",9,"Tone1","X12",2,0.285714285714286
"983",8,"Tone1","X12",1,0.142857142857143
"984",7,"Tone1","X12",3,0.428571428571429
"985",6,"Tone1","X12",2,0.285714285714286
"986",5,"Tone1","X12",2,0.285714285714286
"987",4,"Tone1","X12",6,0.857142857142857
"988",3,"Tone1","X12",5,0.714285714285714
"989",2,"Tone1","X12",6,0.857142857142857
"990",1,"Tone1","X12",7,1
"991",11,"Tone2","X12",0,0
"992",10,"Tone2","X12",0,0
"993",9,"Tone2","X12",0,0
"994",8,"Tone2","X12",0,0
"995",7,"Tone2","X12",0,0
"996",6,"Tone2","X12",1,0.142857142857143
"997",5,"Tone2","X12",0,0
"998",4,"Tone2","X12",0,0
"999",3,"Tone2","X12",0,0
"1000",2,"Tone2","X12",1,0.142857142857143
"1001",1,"Tone2","X12",3,0.428571428571429
"1002",11,"Tone4","X12",0,0
"1003",10,"Tone4","X12",0,0
"1004",9,"Tone4","X12",0,0
"1005",8,"Tone4","X12",5,0.714285714285714
"1006",7,"Tone4","X12",6,0.857142857142857
"1007",6,"Tone4","X12",7,1
"1008",5,"Tone4","X12",7,1
"1009",4,"Tone4","X12",7,1
"1010",3,"Tone4","X12",7,1
"1011",2,"Tone4","X12",7,1
"1012",1,"Tone4","X12",7,1
"1013",11,"Tone1","X13",0,0
"1014",10,"Tone1","X13",1,0.142857142857143
"1015",9,"Tone1","X13",0,0
"1016",8,"Tone1","X13",0,0
"1017",7,"Tone1","X13",0,0
"1018",6,"Tone1","X13",3,0.428571428571429
"1019",5,"Tone1","X13",5,0.714285714285714
"1020",4,"Tone1","X13",4,0.571428571428571
"1021",3,"Tone1","X13",7,1
"1022",2,"Tone1","X13",7,1
"1023",1,"Tone1","X13",6,0.857142857142857
"1024",11,"Tone2","X13",0,0
"1025",10,"Tone2","X13",0,0
"1026",9,"Tone2","X13",1,0.142857142857143
"1027",8,"Tone2","X13",0,0
"1028",7,"Tone2","X13",0,0
"1029",6,"Tone2","X13",0,0
"1030",5,"Tone2","X13",0,0
"1031",4,"Tone2","X13",0,0
"1032",3,"Tone2","X13",0,0
"1033",2,"Tone2","X13",0,0
"1034",1,"Tone2","X13",2,0.285714285714286
"1035",11,"Tone4","X13",1,0.142857142857143
"1036",10,"Tone4","X13",0,0
"1037",9,"Tone4","X13",4,0.571428571428571
"1038",8,"Tone4","X13",7,1
"1039",7,"Tone4","X13",7,1
"1040",6,"Tone4","X13",7,1
"1041",5,"Tone4","X13",7,1
"1042",4,"Tone4","X13",7,1
"1043",3,"Tone4","X13",7,1
"1044",2,"Tone4","X13",7,1
"1045",1,"Tone4","X13",7,1
"1046",11,"Tone1","X18",0,0
"1047",10,"Tone1","X18",0,0
"1048",9,"Tone1","X18",0,0
"1049",8,"Tone1","X18",0,0
"1050",7,"Tone1","X18",0,0
"1051",6,"Tone1","X18",0,0
"1052",5,"Tone1","X18",3,0.428571428571429
"1053",4,"Tone1","X18",7,1
"1054",3,"Tone1","X18",6,0.857142857142857
"1055",2,"Tone1","X18",7,1
"1056",1,"Tone1","X18",7,1
"1057",11,"Tone2","X18",0,0
"1058",10,"Tone2","X18",0,0
"1059",9,"Tone2","X18",0,0
"1060",8,"Tone2","X18",0,0
"1061",7,"Tone2","X18",0,0
"1062",6,"Tone2","X18",0,0
"1063",5,"Tone2","X18",0,0
"1064",4,"Tone2","X18",0,0
"1065",3,"Tone2","X18",0,0
"1066",2,"Tone2","X18",0,0
"1067",1,"Tone2","X18",1,0.142857142857143
"1068",11,"Tone4","X18",0,0
"1069",10,"Tone4","X18",0,0
"1070",9,"Tone4","X18",3,0.428571428571429
"1071",8,"Tone4","X18",6,0.857142857142857
"1072",7,"Tone4","X18",7,1
"1073",6,"Tone4","X18",7,1
"1074",5,"Tone4","X18",7,1
"1075",4,"Tone4","X18",7,1
"1076",3,"Tone4","X18",7,1
"1077",2,"Tone4","X18",7,1
"1078",1,"Tone4","X18",7,1
"1079",11,"Tone1","X11",0,0
"1080",10,"Tone1","X11",0,0
"1081",9,"Tone1","X11",0,0
"1082",8,"Tone1","X11",0,0
"1083",7,"Tone1","X11",0,0
"1084",6,"Tone1","X11",0,0
"1085",5,"Tone1","X11",6,0.857142857142857
"1086",4,"Tone1","X11",7,1
"1087",3,"Tone1","X11",7,1
"1088",2,"Tone1","X11",7,1
"1089",1,"Tone1","X11",7,1
"1090",11,"Tone2","X11",0,0
"1091",10,"Tone2","X11",0,0
"1092",9,"Tone2","X11",0,0
"1093",8,"Tone2","X11",0,0
"1094",7,"Tone2","X11",0,0
"1095",6,"Tone2","X11",0,0
"1096",5,"Tone2","X11",1,0.142857142857143
"1097",4,"Tone2","X11",5,0.714285714285714
"1098",3,"Tone2","X11",5,0.714285714285714
"1099",2,"Tone2","X11",7,1
"1100",1,"Tone2","X11",7,1
"1101",11,"Tone4","X11",0,0
"1102",10,"Tone4","X11",0,0
"1103",9,"Tone4","X11",1,0.142857142857143
"1104",8,"Tone4","X11",6,0.857142857142857
"1105",7,"Tone4","X11",7,1
"1106",6,"Tone4","X11",7,1
"1107",5,"Tone4","X11",7,1
"1108",4,"Tone4","X11",7,1
"1109",3,"Tone4","X11",7,1
"1110",2,"Tone4","X11",7,1
"1111",1,"Tone4","X11",7,1
"1112",11,"Tone1","X26",3,0.428571428571429
"1113",10,"Tone1","X26",2,0.285714285714286
"1114",9,"Tone1","X26",2,0.285714285714286
"1115",8,"Tone1","X26",2,0.285714285714286
"1116",7,"Tone1","X26",2,0.285714285714286
"1117",6,"Tone1","X26",5,0.714285714285714
"1118",5,"Tone1","X26",6,0.857142857142857
"1119",4,"Tone1","X26",6,0.857142857142857
"1120",3,"Tone1","X26",5,0.714285714285714
"1121",2,"Tone1","X26",7,1
"1122",1,"Tone1","X26",7,1
"1123",11,"Tone2","X26",0,0
"1124",10,"Tone2","X26",1,0.142857142857143
"1125",9,"Tone2","X26",0,0
"1126",8,"Tone2","X26",2,0.285714285714286
"1127",7,"Tone2","X26",2,0.285714285714286
"1128",6,"Tone2","X26",1,0.142857142857143
"1129",5,"Tone2","X26",3,0.428571428571429
"1130",4,"Tone2","X26",2,0.285714285714286
"1131",3,"Tone2","X26",5,0.714285714285714
"1132",2,"Tone2","X26",3,0.428571428571429
"1133",1,"Tone2","X26",5,0.714285714285714
"1134",11,"Tone4","X26",3,0.428571428571429
"1135",10,"Tone4","X26",4,0.571428571428571
"1136",9,"Tone4","X26",7,1
"1137",8,"Tone4","X26",7,1
"1138",7,"Tone4","X26",6,0.857142857142857
"1139",6,"Tone4","X26",7,1
"1140",5,"Tone4","X26",6,0.857142857142857
"1141",4,"Tone4","X26",6,0.857142857142857
"1142",3,"Tone4","X26",5,0.714285714285714
"1143",2,"Tone4","X26",6,0.857142857142857
"1144",1,"Tone4","X26",5,0.714285714285714
"1145",11,"Tone1","X21.1",2,0.285714285714286
"1146",10,"Tone1","X21.1",2,0.285714285714286
"1147",9,"Tone1","X21.1",1,0.142857142857143
"1148",8,"Tone1","X21.1",2,0.285714285714286
"1149",7,"Tone1","X21.1",5,0.714285714285714
"1150",6,"Tone1","X21.1",6,0.857142857142857
"1151",5,"Tone1","X21.1",6,0.857142857142857
"1152",4,"Tone1","X21.1",6,0.857142857142857
"1153",3,"Tone1","X21.1",5,0.714285714285714
"1154",2,"Tone1","X21.1",7,1
"1155",1,"Tone1","X21.1",6,0.857142857142857
"1156",11,"Tone2","X21.1",0,0
"1157",10,"Tone2","X21.1",0,0
"1158",9,"Tone2","X21.1",0,0
"1159",8,"Tone2","X21.1",1,0.142857142857143
"1160",7,"Tone2","X21.1",1,0.142857142857143
"1161",6,"Tone2","X21.1",1,0.142857142857143
"1162",5,"Tone2","X21.1",2,0.285714285714286
"1163",4,"Tone2","X21.1",5,0.714285714285714
"1164",3,"Tone2","X21.1",3,0.428571428571429
"1165",2,"Tone2","X21.1",5,0.714285714285714
"1166",1,"Tone2","X21.1",6,0.857142857142857
"1167",11,"Tone4","X21.1",2,0.285714285714286
"1168",10,"Tone4","X21.1",2,0.285714285714286
"1169",9,"Tone4","X21.1",4,0.571428571428571
"1170",8,"Tone4","X21.1",7,1
"1171",7,"Tone4","X21.1",7,1
"1172",6,"Tone4","X21.1",6,0.857142857142857
"1173",5,"Tone4","X21.1",7,1
"1174",4,"Tone4","X21.1",6,0.857142857142857
"1175",3,"Tone4","X21.1",7,1
"1176",2,"Tone4","X21.1",7,1
"1177",1,"Tone4","X21.1",5,0.714285714285714
"1178",11,"Tone1","X28",0,0
"1179",10,"Tone1","X28",1,0.142857142857143
"1180",9,"Tone1","X28",0,0
"1181",8,"Tone1","X28",2,0.285714285714286
"1182",7,"Tone1","X28",7,1
"1183",6,"Tone1","X28",5,0.714285714285714
"1184",5,"Tone1","X28",6,0.857142857142857
"1185",4,"Tone1","X28",5,0.714285714285714
"1186",3,"Tone1","X28",7,1
"1187",2,"Tone1","X28",7,1
"1188",1,"Tone1","X28",7,1
"1189",11,"Tone2","X28",1,0.142857142857143
"1190",10,"Tone2","X28",1,0.142857142857143
"1191",9,"Tone2","X28",0,0
"1192",8,"Tone2","X28",4,0.571428571428571
"1193",7,"Tone2","X28",5,0.714285714285714
"1194",6,"Tone2","X28",4,0.571428571428571
"1195",5,"Tone2","X28",6,0.857142857142857
"1196",4,"Tone2","X28",7,1
"1197",3,"Tone2","X28",7,1
"1198",2,"Tone2","X28",7,1
"1199",1,"Tone2","X28",6,0.857142857142857
"1200",11,"Tone4","X28",3,0.428571428571429
"1201",10,"Tone4","X28",3,0.428571428571429
"1202",9,"Tone4","X28",6,0.857142857142857
"1203",8,"Tone4","X28",7,1
"1204",7,"Tone4","X28",7,1
"1205",6,"Tone4","X28",7,1
"1206",5,"Tone4","X28",5,0.714285714285714
"1207",4,"Tone4","X28",7,1
"1208",3,"Tone4","X28",7,1
"1209",2,"Tone4","X28",7,1
"1210",1,"Tone4","X28",7,1
"1211",11,"Tone1","X25",0,0
"1212",10,"Tone1","X25",0,0
"1213",9,"Tone1","X25",0,0
"1214",8,"Tone1","X25",0,0
"1215",7,"Tone1","X25",1,0.142857142857143
"1216",6,"Tone1","X25",4,0.571428571428571
"1217",5,"Tone1","X25",7,1
"1218",4,"Tone1","X25",7,1
"1219",3,"Tone1","X25",7,1
"1220",2,"Tone1","X25",6,0.857142857142857
"1221",1,"Tone1","X25",6,0.857142857142857
"1222",11,"Tone2","X25",0,0
"1223",10,"Tone2","X25",0,0
"1224",9,"Tone2","X25",0,0
"1225",8,"Tone2","X25",0,0
"1226",7,"Tone2","X25",0,0
"1227",6,"Tone2","X25",2,0.285714285714286
"1228",5,"Tone2","X25",2,0.285714285714286
"1229",4,"Tone2","X25",1,0.142857142857143
"1230",3,"Tone2","X25",6,0.857142857142857
"1231",2,"Tone2","X25",5,0.714285714285714
"1232",1,"Tone2","X25",5,0.714285714285714
"1233",11,"Tone4","X25",0,0
"1234",10,"Tone4","X25",0,0
"1235",9,"Tone4","X25",3,0.428571428571429
"1236",8,"Tone4","X25",7,1
"1237",7,"Tone4","X25",7,1
"1238",6,"Tone4","X25",6,0.857142857142857
"1239",5,"Tone4","X25",7,1
"1240",4,"Tone4","X25",7,1
"1241",3,"Tone4","X25",7,1
"1242",2,"Tone4","X25",7,1
"1243",1,"Tone4","X25",7,1
"1244",11,"Tone1","X19",0,0
"1245",10,"Tone1","X19",0,0
"1246",9,"Tone1","X19",0,0
"1247",8,"Tone1","X19",0,0
"1248",7,"Tone1","X19",3,0.428571428571429
"1249",6,"Tone1","X19",3,0.428571428571429
"1250",5,"Tone1","X19",7,1
"1251",4,"Tone1","X19",7,1
"1252",3,"Tone1","X19",7,1
"1253",2,"Tone1","X19",7,1
"1254",1,"Tone1","X19",7,1
"1255",11,"Tone2","X19",0,0
"1256",10,"Tone2","X19",1,0.142857142857143
"1257",9,"Tone2","X19",0,0
"1258",8,"Tone2","X19",0,0
"1259",7,"Tone2","X19",1,0.142857142857143
"1260",6,"Tone2","X19",1,0.142857142857143
"1261",5,"Tone2","X19",6,0.857142857142857
"1262",4,"Tone2","X19",7,1
"1263",3,"Tone2","X19",6,0.857142857142857
"1264",2,"Tone2","X19",7,1
"1265",1,"Tone2","X19",7,1
"1266",11,"Tone4","X19",0,0
"1267",10,"Tone4","X19",0,0
"1268",9,"Tone4","X19",2,0.285714285714286
"1269",8,"Tone4","X19",6,0.857142857142857
"1270",7,"Tone4","X19",6,0.857142857142857
"1271",6,"Tone4","X19",7,1
"1272",5,"Tone4","X19",7,1
"1273",4,"Tone4","X19",7,1
"1274",3,"Tone4","X19",7,1
"1275",2,"Tone4","X19",7,1
"1276",1,"Tone4","X19",7,1
